Id,ActualPrice,PredictedPrice,Residual,AbsoluteError,AbsolutePercentageError
893,154500,152982.2388596707,1517.7611403292976,1517.7611403292976,0.9823696701160503
1106,325000,337948.29067375325,-12948.290673753247,12948.290673753247,3.9840894380779224
414,115000,88605.62530278554,26394.374697214458,26394.374697214458,22.951630171490834
523,159000,167344.06929126894,-8344.069291268941,8344.069291268941,5.247842321552794
1037,315500,322354.2429989218,-6854.242998921778,6854.242998921778,2.172501742922909
615,75500,79891.5112348795,-4391.511234879494,4391.511234879494,5.816571172025819
219,311500,237473.41189567233,74026.58810432767,74026.58810432767,23.76455476864452
1161,146000,144844.90553295286,1155.0944670471363,1155.0944670471363,0.7911605938679015
650,84500,69826.60216757795,14673.397832422052,14673.397832422052,17.36496784902018
888,135500,153250.8217280181,-17750.821728018112,17750.821728018112,13.100237437651744
577,145000,132494.3926953706,12505.607304629404,12505.607304629404,8.624556761813382
1253,130000,108687.11629641335,21312.883703586645,21312.883703586645,16.394525925835882
1062,81000,57075.89826383116,23924.101736168843,23924.101736168843,29.53592806934425
568,214000,213739.96916621458,260.03083378542215,260.03083378542215,0.12150973541374868
1109,181000,172802.55326330708,8197.446736692917,8197.446736692917,4.528976097620395
1114,134500,136485.95613844506,-1985.9561384450644,1985.9561384450644,1.4765473148290442
169,183500,188138.5313105611,-4638.531310561113,4638.531310561113,2.5278099785074186
1103,135000,128281.58906384604,6718.4109361539595,6718.4109361539595,4.976600693447377
1121,118400,122147.61622696556,-3747.6162269655615,3747.6162269655615,3.1652164079101026
68,226000,214261.17259229906,11738.827407700941,11738.827407700941,5.1941714193366995
1041,155000,151858.9949054895,3141.005094510503,3141.005094510503,2.026454899684196
454,210000,207670.79135612445,2329.2086438755505,2329.2086438755505,1.1091469732740717
671,173500,165189.20819472522,8310.791805274785,8310.791805274785,4.79008173214685
1095,129000,136941.78558191564,-7941.785581915639,7941.785581915639,6.15642293171755
193,192000,197325.55693752924,-5325.55693752924,5325.55693752924,2.7737275716298124
124,153900,145094.15936226817,8805.840637731832,8805.840637731832,5.721793786700345
416,181134,189961.726565253,-8827.72656525299,8827.72656525299,4.8735889260177485
278,141000,105504.27963950811,35495.72036049189,35495.72036049189,25.174269759214106
434,181000,174874.04555151658,6125.954448483419,6125.954448483419,3.384505220156585
1318,208900,205163.37452831585,3736.6254716841504,3736.6254716841504,1.788714921821039
185,127000,148744.5233213217,-21744.5233213217,21744.5233213217,17.121671906552518
555,284000,273627.45334735326,10372.546652646735,10372.546652646735,3.652305159382653
1174,200500,248542.23871282255,-48042.23871282255,48042.23871282255,23.96121631562222
77,135750,114623.49319146294,21126.50680853706,21126.50680853706,15.562804278848663
907,255000,247376.84206277598,7623.157937224023,7623.157937224023,2.989473700872166
675,140000,149733.33139564982,-9733.331395649817,9733.331395649817,6.952379568321297
1399,138000,146204.75469480315,-8204.754694803152,8204.754694803152,5.945474416524023
375,219500,199401.47854857845,20098.521451421548,20098.521451421548,9.156501800192048
1033,310000,315371.57741435105,-5371.57741435105,5371.57741435105,1.7327669078551773
260,97000,115004.36526749795,-18004.365267497953,18004.365267497953,18.561201306698923
52,114500,133996.2242491492,-19496.224249149207,19496.224249149207,17.027270086593195
245,205000,223276.49040548457,-18276.49040548457,18276.49040548457,8.915361173407106
1102,119500,109457.09143438796,10042.908565612044,10042.908565612044,8.404107586286228
582,253293,363574.4783987254,-110281.47839872539,110281.47839872539,43.53909440794866
680,128500,126190.18469954561,2309.8153004543856,2309.8153004543856,1.7975216345948526
1133,117500,137954.1241277,-20454.124127699994,20454.124127699994,17.407765215063826
1221,115000,100287.5971155148,14712.4028844852,14712.4028844852,12.793393812595827
50,127000,142360.92965391325,-15360.929653913248,15360.929653913248,12.095220199931692
592,451950,434504.45678033587,17445.543219664134,17445.543219664134,3.860060453515684
1270,144000,133899.6452122773,10100.354787722696,10100.354787722696,7.014135269251871
1250,119000,123184.72665743064,-4184.726657430641,4184.726657430641,3.5165770230509588
1139,196000,227362.0911212978,-31362.091121297795,31362.091121297795,16.001066898621325
491,115000,89373.24062488647,25626.75937511353,25626.75937511353,22.284138587055242
1025,287000,300529.4421426733,-13529.442142673302,13529.442142673302,4.714091338910558
812,144500,163303.33547566412,-18803.33547566412,18803.33547566412,13.0126889104942
142,260000,243796.51562962215,16203.484370377846,16203.484370377846,6.232109373222248
847,213000,203362.84407438803,9637.155925611965,9637.155925611965,4.524486350052566
926,175000,163888.2465834897,11111.753416510299,11111.753416510299,6.349573380863028
773,107000,132852.99680137215,-25852.996801372152,25852.996801372152,24.161679253618836
533,107500,92122.31584511837,15377.68415488163,15377.68415488163,14.30482246965733
30,68500,65878.20918136928,2621.7908186307177,2621.7908186307177,3.8274318520156463
1300,154000,172353.98876824602,-18353.988768246025,18353.988768246025,11.91817452483508
66,317000,310999.8136880831,6000.186311916914,6000.186311916914,1.8928032529706353
766,264132,249985.60770897008,14146.392291029915,14146.392291029915,5.355804026407219
1348,283463,302871.1753273178,-19408.17532731779,19408.17532731779,6.846810810341311
176,243000,192652.39817318367,50347.60182681633,50347.60182681633,20.71917770650878
395,109000,103277.71755777346,5722.28244222654,5722.28244222654,5.249800405712422
620,305000,299500.4095466812,5499.590453318786,5499.590453318786,1.803144410924192
1132,93500,123281.38597754529,-29781.385977545287,29781.385977545287,31.851749708604586
116,176000,178915.52784354938,-2915.527843549382,2915.527843549382,1.6565499111076034
895,118858,115392.44273900986,3465.557260990143,3465.557260990143,2.9157122456966658
1222,134000,116723.71910452703,17276.28089547297,17276.28089547297,12.892746936920126
428,109008,110694.46510699904,-1686.465106999036,1686.465106999036,1.5471021457131915
737,93500,47571.396284044255,45928.603715955745,45928.603715955745,49.12150130048743
899,611657,465498.9208432934,146158.07915670658,146158.07915670658,23.89543145205672
683,173000,191570.14504913334,-18570.145049133338,18570.145049133338,10.73418788967245
991,348000,312460.5105218487,35539.489478151314,35539.489478151314,10.212496976480262
719,341000,320660.0586115443,20339.941388455685,20339.941388455685,5.9647921960280605
45,141000,152849.25298379827,-11849.252983798273,11849.252983798273,8.403725520424308
60,124900,133940.72802134184,-9040.728021341842,9040.728021341842,7.238373115565926
364,118000,120821.58667884208,-2821.5866788420826,2821.5866788420826,2.391175151561087
399,67000,65601.40803686017,1398.5919631398283,1398.5919631398283,2.087450691253475
423,113000,113592.63443569746,-592.6344356974587,592.6344356974587,0.5244552528296095
495,91300,84295.39546094928,7004.604539050721,7004.604539050721,7.67207507015413
417,149500,154316.99026846187,-4816.990268461872,4816.990268461872,3.222067069205266
585,133000,147683.64207714284,-14683.642077142838,14683.642077142838,11.040332388829203
271,266000,268853.25089861965,-2853.250898619648,2853.250898619648,1.072650713766785
352,190000,201928.9915865846,-11928.991586584598,11928.991586584598,6.27841662451821
1079,155900,135644.99811792513,20255.001882074866,20255.001882074866,12.992303965410434
1345,155835,192198.5612401017,-36363.5612401017,36363.5612401017,23.334656040107614
837,153500,146841.00957469502,6658.990425304975,6658.990425304975,4.338104511599332
644,152000,143456.36189468298,8543.638105317019,8543.638105317019,5.620814542971723
275,124500,138144.39679039642,-13644.396790396422,13644.396790396422,10.959354851724033
323,301000,276104.627954246,24895.37204575399,24895.37204575399,8.270887722841858
79,136500,128586.48669507215,7913.513304927852,7913.513304927852,5.797445644635789
923,169990,182862.28431451553,-12872.284314515535,12872.284314515535,7.5723773836787664
276,205000,176171.28856396675,28828.71143603325,28828.71143603325,14.062786066357683
1266,183900,147945.47725487594,35954.522745124064,35954.522745124064,19.55112710447203
221,204900,212076.91716213012,-7176.917162130121,7176.917162130121,3.502643807774583
317,260000,249350.67238698294,10649.327613017056,10649.327613017056,4.0958952357757905
1007,163500,180534.28291757265,-17034.28291757265,17034.28291757265,10.418521662123945
1241,224900,209114.24196164915,15785.758038350847,15785.758038350847,7.019012022388105
71,244000,290205.9667959465,-46205.96679594647,46205.96679594647,18.93687163768298
16,132000,140142.5598978144,-8142.559897814412,8142.559897814412,6.1686059831927365
1165,194000,204281.97265028628,-10281.972650286276,10281.972650286276,5.2999859022094205
1321,156500,178991.29057583818,-22491.290575838182,22491.290575838182,14.371431677851874
755,156000,150798.02889447007,5201.971105529927,5201.971105529927,3.334596862519184
721,275000,289492.5804440542,-14492.580444054212,14492.580444054212,5.27002925238335
1048,145000,154108.19120911276,-9108.19120911276,9108.19120911276,6.281511178698455
629,135000,146689.75395507272,-11689.753955072723,11689.753955072723,8.659077003757574
637,60000,64859.893356522545,-4859.893356522545,4859.893356522545,8.099822260870909
465,124000,134903.2797989631,-10903.279798963107,10903.279798963107,8.792967579808957
856,127000,150869.85926505039,-23869.859265050385,23869.859265050385,18.795164775630223
1398,137500,153789.0547236367,-16289.054723636713,16289.054723636713,11.846585253553974
383,213500,202704.90625108453,10795.093748915475,10795.093748915475,5.056249999492025
1429,119000,115188.92278868053,3811.077211319469,3811.077211319469,3.2025858918651
789,107900,105067.08568866132,2832.9143113386817,2832.9143113386817,2.6254998251516977
1341,123000,87035.35083292937,35964.64916707063,35964.64916707063,29.23955216835011
1217,112000,105162.93047017511,6837.06952982489,6837.06952982489,6.10452636591508
333,284000,305758.7599002947,-21758.75990029471,21758.75990029471,7.6615351761601085
544,133000,114090.15230983775,18909.84769016225,18909.84769016225,14.217930594106953
204,149000,137319.34837169433,11680.65162830567,11680.65162830567,7.83936350892998
1135,169000,177648.2924756864,-8648.292475686409,8648.292475686409,5.117332825849946
1415,207000,184750.84481325885,22249.155186741147,22249.155186741147,10.748384148184128
430,175000,193195.0538517097,-18195.0538517097,18195.0538517097,10.397173629548401
1273,137000,136557.98902482633,442.0109751736745,442.0109751736745,0.3226357483019522
747,236000,229602.46280722506,6397.537192774937,6397.537192774937,2.7108208443961597
590,79500,108287.6384736565,-28787.638473656494,28787.638473656494,36.21086600459936
839,144000,151700.57406975515,-7700.574069755152,7700.574069755152,5.347620881774411
1294,162900,184696.40215124423,-21796.402151244227,21796.402151244227,13.380234592537892
591,185900,186178.3684344506,-278.3684344505891,278.3684344505891,0.14974095451887529
586,369900,341402.75608384004,28497.24391615996,28497.24391615996,7.704039988148138
1202,197900,197088.86203166563,811.1379683343694,811.1379683343694,0.4098726469602675
199,104000,122021.6240108097,-18021.624010809697,18021.624010809697,17.328484625778557
917,35311,27009.993104145397,8301.006895854603,8301.006895854603,23.50827474683414
995,337500,381746.1697449796,-44246.16974497959,44246.16974497959,13.109976220734692
1229,367294,376652.68360442854,-9358.683604428545,9358.683604428545,2.5480088442578817
44,130250,137875.0326649691,-7625.032664969098,7625.032664969098,5.854151758133665
1034,230000,238084.52006354555,-8084.520063545555,8084.520063545555,3.515008723280676
692,755000,587066.0445077466,167933.95549225342,167933.95549225342,22.242908012218994
232,403000,350476.0732813254,52523.9267186746,52523.9267186746,13.033232436395684
527,132000,127193.62758097704,4806.372419022955,4806.372419022955,3.641191226532542
102,178000,174244.41598320752,3755.584016792476,3755.584016792476,2.1098786611193687
1093,136500,168474.99601301784,-31974.996013017837,31974.996013017837,23.42490550404237
412,145000,152735.53177933628,-7735.531779336277,7735.531779336277,5.334849502990536
1393,123000,109472.15644480055,13527.843555199448,13527.843555199448,10.99824679284508
908,250000,225403.70109128812,24596.298908711877,24596.298908711877,9.83851956348475
783,187100,192843.86834791116,-5743.868347911164,5743.868347911164,3.0699456696478697
953,133900,132971.57229144638,928.427708553616,928.427708553616,0.6933739421610275
621,67000,75181.29814583156,-8181.298145831563,8181.298145831563,12.210892754972482
670,137500,134907.14786892338,2592.8521310766228,2592.8521310766228,1.8857106407829984
129,155000,135981.56462745322,19018.43537254678,19018.43537254678,12.269958304868892
530,200624,267676.7672722498,-67052.7672722498,67052.7672722498,33.42210666333529
911,154300,163067.0352012436,-8767.03520124359,8767.03520124359,5.681811536774848
999,91000,74184.74340076186,16815.256599238142,16815.256599238142,18.478303955206748
1451,136000,116086.46477063512,19913.535229364876,19913.535229364876,14.642305315709466
1164,108959,145771.57545589097,-36812.57545589097,36812.57545589097,33.7857133930111
248,140000,139555.43216518452,444.5678348154761,444.5678348154761,0.3175484534396258
529,86000,92198.93161821598,-6198.931618215982,6198.931618215982,7.208060021181375
734,131400,131583.2706520334,-183.27065203338861,183.27065203338861,0.13947538206498372
33,179900,202426.02526898403,-22526.025268984027,22526.025268984027,12.521414824337981
635,144000,113570.91773492144,30429.082265078556,30429.082265078556,21.131307128526775
1028,293077,307426.06248706253,-14349.062487062532,14349.062487062532,4.896004287972968
1054,144500,149934.79437688692,-5434.794376886915,5434.794376886915,3.7611033750082457
576,118500,114429.26813855674,4070.731861443259,4070.731861443259,3.435216760711611
844,141000,131110.31129403785,9889.688705962151,9889.688705962151,7.0139636212497525
298,239000,271988.4799045725,-32988.47990457248,32988.47990457248,13.802711257143297
262,276000,333887.8537669922,-57887.85376699222,57887.85376699222,20.97386006050443
1047,556581,435368.5558570046,121212.4441429954,121212.4441429954,21.778042035749586
940,244400,232566.16438808106,11833.835611918941,11833.835611918941,4.841994931227063
310,360000,362808.2009261963,-2808.2009261962958,2808.2009261962958,0.7800558128323044
164,103200,109753.33962813346,-6553.339628133457,6553.339628133457,6.350135298578931
1010,102000,112210.18117950344,-10210.181179503445,10210.181179503445,10.009981548532789
600,151000,143242.46253062878,7757.537469371222,7757.537469371222,5.137442032696173
1176,285000,315451.5285465126,-30451.528546512593,30451.528546512593,10.684746858425472
372,134432,119815.42426387733,14616.575736122672,14616.575736122672,10.872839603757045
240,113000,111388.56935514556,1611.4306448544376,1611.4306448544376,1.4260448184552545
882,187500,214495.9383538128,-26995.938353812788,26995.938353812788,14.397833788700154
1334,125500,137194.68241666118,-11694.682416661177,11694.682416661177,9.318472045148347
1359,177500,159116.9580433811,18383.041956618894,18383.041956618894,10.35664335584163
1157,179900,199424.9880996663,-19524.988099666312,19524.988099666312,10.853245191587723
813,55993,72386.90277281404,-16393.902772814035,16393.902772814035,29.278486190798915
1332,132500,131858.95921216626,641.0407878337428,641.0407878337428,0.4838043681764097
426,135000,138752.1568839997,-3752.1568839997053,3752.1568839997053,2.7793754696294113
1055,255000,246113.35260881996,8886.647391180042,8886.647391180042,3.484959761247075
64,140000,148883.71854330786,-8883.718543307856,8883.718543307856,6.345513245219897
818,271000,269162.886764999,1837.1132350009866,1837.1132350009866,0.6779015627309913
1395,246578,222609.9169099196,23968.083090080414,23968.083090080414,9.720284490133107
1307,202500,200934.06167359883,1565.9383264011703,1565.9383264011703,0.7733028772351458
916,75000,69323.8324997169,5676.167500283103,5676.167500283103,7.568223333710805
433,122500,118384.05075390125,4115.949246098753,4115.949246098753,3.35995856824388
694,108480,45262.443424461875,63217.556575538125,63217.556575538125,58.27577117951523
967,160000,158166.26320637483,1833.7367936251685,1833.7367936251685,1.1460854960157303
1171,171000,-765555.2296532732,936555.2296532732,936555.2296532732,547.6931167563001
1043,196000,192227.38372495864,3772.616275041364,3772.616275041364,1.9248042219598798
608,225000,191656.86595386872,33343.13404613128,33343.13404613128,14.819170687169459
1090,197000,204547.8584897495,-7547.8584897494875,7547.8584897494875,3.831400248603801
31,40000,89199.06126000546,-49199.06126000546,49199.06126000546,122.99765315001365
57,172500,199638.32445758348,-27138.324457583483,27138.324457583483,15.732362004396222
1179,154900,133387.32026504353,21512.679734956473,21512.679734956473,13.888108285962861
452,280000,243931.22758321837,36068.772416781634,36068.772416781634,12.88170443456487
559,175000,215638.14445661847,-40638.144456618465,40638.144456618465,23.22179683235341
366,147000,126510.49966740375,20489.500332596246,20489.500332596246,13.93843560040561
424,315000,316297.30990904104,-1297.3099090410396,1297.3099090410396,0.411844415568584
959,185000,188812.02819897374,-3812.0281989737414,3812.0281989737414,2.0605557832290495
807,135500,121834.876448242,13665.123551758006,13665.123551758006,10.084962030817717
1134,239500,230075.1277828929,9424.872217107099,9424.872217107099,3.9352284831344875
980,139000,139093.83734460548,-93.83734460547566,93.83734460547566,0.06750888101113357
355,140000,134619.959864371,5380.0401356290095,5380.0401356290095,3.842885811163578
1357,110000,95303.96598756406,14696.034012435935,14696.034012435935,13.360030920396305
307,225000,229061.51366265956,-4061.513662659563,4061.513662659563,1.8051171834042503
797,143500,145475.93601784483,-1975.936017844826,1975.936017844826,1.3769588974528404
100,128950,127742.95747950394,1207.042520496063,1207.042520496063,0.936054688248207
756,172500,175435.54975456838,-2935.5497545683756,2935.5497545683756,1.7017679736628266
272,241500,293202.80643184995,-51702.80643184995,51702.80643184995,21.40902957840578
241,262500,254855.4536672174,7644.5463327826,7644.5463327826,2.912208126774324
598,194201,209904.40100300126,-15703.401003001258,15703.401003001258,8.0861586722011
947,143000,149450.16017434094,-6450.160174340941,6450.160174340941,4.510601520518141
359,130000,113020.29461729294,16979.705382707063,16979.705382707063,13.061311832851588
985,126000,110341.81921053119,15658.18078946881,15658.18078946881,12.427127610689531
778,142500,125824.70761695364,16675.292383046355,16675.292383046355,11.701959567050075
708,254000,214677.56499991147,39322.43500008853,39322.43500008853,15.481273622082098
599,217500,216224.00987617718,1275.9901238228194,1275.9901238228194,0.5866621258955491
875,66500,83583.13444093848,-17083.134440938476,17083.134440938476,25.688923971336052
931,201000,222465.2948408178,-21465.294840817805,21465.294840817805,10.679251164585974
340,155000,144085.89977148408,10914.10022851592,10914.10022851592,7.041354986139304
1280,68400,61965.93979469268,6434.0602053073235,6434.0602053073235,9.406520767993163
1433,64500,92076.78576235566,-27576.785762355663,27576.785762355663,42.75470660830336
1042,173000,164786.93684579758,8213.06315420242,8213.06315420242,4.747435349249954
712,102776,106702.14333631285,-3926.1433363128453,3926.1433363128453,3.8200974316113157
1050,84900,99468.3588757054,-14568.358875705395,14568.358875705395,17.15943330471778
311,165600,168260.04462125944,-2660.0446212594397,2660.0446212594397,1.6063071384416907
572,120000,102925.65180649981,17074.34819350019,17074.34819350019,14.228623494583491
918,135000,138134.46823558444,-3134.4682355844416,3134.4682355844416,2.3218283226551417
603,220000,222893.47469138587,-2893.474691385869,2893.474691385869,1.3152157688117587
290,153575,155981.14631892042,-2406.1463189204223,2406.1463189204223,1.5667565156571202
429,195400,202913.50135385944,-7513.501353859436,7513.501353859436,3.8451900480345116
1086,147000,161561.2164559504,-14561.216455950402,14561.216455950402,9.905589425816599
209,277000,237593.41230215132,39406.58769784868,39406.58769784868,14.226204945071725
681,143000,111074.80260665296,31925.197393347044,31925.197393347044,22.32531286248045
354,105900,97235.38047682308,8664.619523176923,8664.619523176923,8.181888123868672
325,242000,261970.10851094313,-19970.10851094313,19970.10851094313,8.252110954935178
238,194500,227430.4637665935,-32930.463766593486,32930.463766593486,16.930829700048065
59,438780,486916.1819820078,-48136.18198200781,48136.18198200781,10.970459451663205
1160,185000,180424.8253288758,4575.174671124201,4575.174671124201,2.473067389796866
536,107500,151638.5956229153,-44138.59562291531,44138.59562291531,41.059158718990986
368,165000,134308.5836190735,30691.4163809265,30691.4163809265,18.600858412682726
696,176000,169352.72190110805,6647.278098891955,6647.278098891955,3.7768625561886107
24,129900,137423.44786125282,-7523.447861252818,7523.447861252818,5.791722756930576
108,115000,79860.67252537236,35139.327474627644,35139.327474627644,30.55593693445882
1431,192140,184188.58660960244,7951.41339039756,7951.41339039756,4.138343598624732
1019,160000,160226.31024826271,-226.3102482627146,226.3102482627146,0.14144390516419664
362,145000,150108.1425584252,-5108.142558425199,5108.142558425199,3.5228569368449647
1002,86000,94881.76392702572,-8881.76392702572,8881.76392702572,10.327632473285721
539,158000,138494.83147031954,19505.168529680464,19505.168529680464,12.345043373215484
1422,127500,142231.40581507795,-14731.405815077946,14731.405815077946,11.554043776531723
1178,115000,114992.35954040615,7.640459593851119,7.640459593851119,0.006643877907696626
1292,119500,124693.00369983446,-5193.0036998344585,5193.0036998344585,4.34560979065645
782,175900,171513.27302998863,4386.726970011368,4386.726970011368,2.4938754803930463
1448,240000,252778.08659003163,-12778.086590031628,12778.086590031628,5.324202745846511
775,395000,305783.6592311859,89216.34076881409,89216.34076881409,22.586415384509895
673,165000,181779.8845852269,-16779.884585226886,16779.884585226886,10.169627021349628
234,128200,134932.59871284664,-6732.598712846637,6732.598712846637,5.251637061502837
427,275000,248030.16863768036,26969.831362319645,26969.831362319645,9.80721140447987
197,311872,333065.7187849628,-21193.71878496278,21193.71878496278,6.795646542479858
1227,214000,214511.51299438206,-511.5129943820648,511.5129943820648,0.2390247637299368
82,153500,167243.19756909693,-13743.197569096927,13743.197569096927,8.953223172050114
1369,144000,133984.80155091407,10015.198449085932,10015.198449085932,6.954998922976342
1126,115000,107735.25538120652,7264.744618793484,7264.744618793484,6.317169233733464
112,180000,174116.70248068217,5883.297519317828,5883.297519317828,3.2684986218432375
1244,465000,422308.1906735874,42691.80932641262,42691.80932641262,9.18103426374465
745,180000,233903.48052665498,-53903.48052665498,53903.48052665498,29.946378070363878
938,253000,220539.776104216,32460.223895784,32460.223895784,12.830128022049012
345,85000,59537.59359590756,25462.406404092442,25462.406404092442,29.955772240108757
1233,101800,86969.73220555577,14830.267794444226,14830.267794444226,14.568043020082735
866,148500,145657.50449605333,2842.495503946673,2842.495503946673,1.9141383864960761
1089,137500,135523.9136424656,1976.0863575343974,1976.0863575343974,1.437153714570471
351,318061,311429.9667259734,6631.033274026588,6631.033274026588,2.0848306689680873
589,143000,204492.63601985807,-61492.636019858066,61492.636019858066,43.00184337053012
1428,140000,140676.33468258753,-676.3346825875342,676.3346825875342,0.4830962018482387
949,192500,199720.33156689536,-7220.331566895358,7220.331566895358,3.750821593192394
1450,92000,88925.74376408476,3074.256235915236,3074.256235915236,3.3415828651252566
990,197000,200730.13043954922,-3730.130439549219,3730.130439549219,1.893467228197573
678,109500,104285.27535421262,5214.724645787384,5214.724645787384,4.762305612591219
479,297000,301136.37911388837,-4136.379113888368,4136.379113888368,1.3927202403664538
1272,185750,178128.839833932,7621.160166068003,7621.160166068003,4.102912606227727
1411,230000,213438.04172266508,16561.958277334925,16561.958277334925,7.200851424928229
480,89471,145152.28947363747,-55681.28947363747,55681.28947363747,62.23389642860533
1362,260000,274371.81338492455,-14371.81338492455,14371.81338492455,5.527620532663288
803,189000,181997.61271329084,7002.387286709156,7002.387286709156,3.7049668183646327
652,108000,96710.42066213628,11289.579337863717,11289.579337863717,10.453314201725664
723,124500,114916.13353551645,9583.866464483552,9583.866464483552,7.697884710428555
